Model,Accuracy,Precision,Recall,F1 Score
Logistic Regression,0.825,0.8280408653846153,0.825,0.8254975536283947
Decision Tree,0.72,0.7191801006754173,0.72,0.7191261668401967
Random Forest Classifier,0.805,0.8100958433663601,0.805,0.805343016813605
