Model,Mean F1 Score,Standard Deviation
Logistic Regression,0.8392922467347036,0.019294204967566033
Decision Tree,0.6942319928215281,0.016707110328629322
Random Forest Classifier,0.7814207862151216,0.03021310249639885
