Model,MAE,RMSE,R2 Score
Linear Regression,4.192343110379916,5.150974183986891,0.8965307156715967
Random Forest Regressor,4.969905000000001,6.223081496734558,0.8489767974106962
